{
	"type": "perspectiveCamera",
	"nodes": {},
	"params": {
		"t": [
			0.0087573523696792,
			2.864543087799947,
			5.927051835981882
		],
		"r": [
			-9.806470708583008,
			0.24526234662560156,
			0.042392551865392855
		],
		"controls": "./events1/cameraOrbitControls1",
		"fovAdjustMode": 2,
		"expectedAspectRatio": 1.4
	},
	"flags": {
		"display": true
	}
}