{
	"type": "perspectiveCamera",
	"nodes": {},
	"params": {
		"t": [
			-0.6314278121781459,
			3.678493363558479,
			8.96047101485229
		],
		"r": [
			-7.492614439855264,
			-3.996559463938866,
			-0.5251920988347843
		],
		"controls": "./events1/cameraOrbitControls1",
		"fovAdjustMode": 2,
		"expectedAspectRatio": 1.4
	},
	"flags": {
		"display": true
	}
}