{
	"type": "perspectiveCamera",
	"nodes": {},
	"params": {
		"t": [
			-0.4479853062243206,
			4.668437876490036,
			10.085034037328159
		],
		"r": [
			-7.727268500695552,
			-2.520386112788038,
			-0.34187675279534074
		],
		"controls": "./events1/cameraOrbitControls1",
		"fovAdjustMode": 2,
		"expectedAspectRatio": 1.4
	},
	"flags": {
		"display": true
	}
}