{
	"type": "perspectiveCamera",
	"nodes": {},
	"params": {
		"t": [
			1.8343709312422145,
			2.919032318793365,
			5.297507088139636
		],
		"r": [
			-11.47367679729267,
			18.50139480538514,
			3.6852875880022844
		],
		"controls": "./events1/cameraOrbitControls1",
		"fovAdjustMode": 2,
		"expectedAspectRatio": 1.4
	},
	"flags": {
		"display": true
	}
}